3;fa-76666056;924.7375030517578,37,2019-02-12 10:05:56.326
3;fa-76666056;924.7375030517578,37,2019-02-12 10:05:57.327
3;fa-76666056;924.7375030517578,37,2019-02-12 10:05:57.327
3;fa-76666056;924.7375030517578,37,2019-02-12 10:05:58.327
3;fa-76666056;924.7375030517578,37,2019-02-12 10:05:58.327
3;fa-76666056;924.7375030517578,37,2019-02-12 10:05:59.323
3;fa-76666056;924.7375030517578,37,2019-02-12 10:05:59.328
3;fa-76666056;924.7375030517578,37,2019-02-12 10:06:00.323
3;fa-76666056;924.7375030517578,37,2019-02-12 10:06:00.328
3;fa-76666056;924.7375030517578,37,2019-02-12 10:06:01.326
3;fa-76666056;924.7375030517578,37,2019-02-12 10:06:01.326
3;fa-76666056;924.7375030517578,37,2019-02-12 10:06:02.324
3;fa-76666056;924.7375030517578,37,2019-02-12 10:06:02.329
3;fa-76666056;924.7375030517578,37,2019-02-12 10:06:03.327
3;fa-76666056;924.7375030517578,37,2019-02-12 10:06:03.327
3;fa-76666056;924.7375030517578,37,2019-02-12 10:06:04.326
3;fa-76666056;924.7375030517578,37,2019-02-12 10:06:04.326
3;fa-76666056;924.7375030517578,37,2019-02-12 10:06:05.324
3;fa-76666056;924.7375030517578,37,2019-02-12 10:06:05.329
3;fa-76666056;924.7375030517578,37,2019-02-12 10:06:06.327
3;fa-76666056;924.7375030517578,37,2019-02-12 10:06:06.327
3;fa-76666056;924.7375030517578,37,2019-02-12 10:06:07.322
3;fa-76666056;924.7375030517578,37,2019-02-12 10:06:07.328
3;fa-76666056;924.7375030517578,37,2019-02-12 10:06:08.325
3;fa-76666056;924.7375030517578,37,2019-02-12 10:06:08.331
3;fa-76666056;924.7375030517578,37,2019-02-12 10:06:09.328
3;fa-76666056;924.7375030517578,37,2019-02-12 10:06:09.328
3;fa-76666056;924.7375030517578,37,2019-02-12 10:06:10.324
3;fa-76666056;924.7375030517578,37,2019-02-12 10:06:10.329
3;fa-76666056;924.7375030517578,37,2019-02-12 10:06:11.326
3;fa-76666056;924.7375030517578,37,2019-02-12 10:06:11.332
3;fa-76666056;924.7375030517578,37,2019-02-12 10:06:12.324
3;fa-76666056;924.7375030517578,37,2019-02-12 10:06:12.329
3;fa-76666056;924.7375030517578,37,2019-02-12 10:06:13.328
3;fa-76666056;924.7375030517578,37,2019-02-12 10:06:13.328
3;fa-76666056;924.7375030517578,37,2019-02-12 10:06:14.327
3;fa-76666056;924.7375030517578,37,2019-02-12 10:06:14.327
3;fa-76666056;924.7375030517578,37,2019-02-12 10:06:15.328
3;fa-76666056;924.7375030517578,37,2019-02-12 10:06:15.328
3;fa-76666056;924.7375030517578,37,2019-02-12 10:06:16.326
3;fa-76666056;924.7375030517578,37,2019-02-12 10:06:16.326
3;fa-76666056;924.7375030517578,37,2019-02-12 10:06:17.324
3;fa-76666056;924.7375030517578,37,2019-02-12 10:06:17.33
3;fa-76666056;924.7375030517578,37,2019-02-12 10:06:18.325
3;fa-76666056;924.7375030517578,37,2019-02-12 10:06:18.331
3;fa-76666056;924.7375030517578,37,2019-02-12 10:06:19.326
3;fa-76666056;924.7375030517578,37,2019-02-12 10:06:19.326
3;fa-76666056;924.7375030517578,37,2019-02-12 10:06:20.323
3;fa-76666056;924.7375030517578,37,2019-02-12 10:06:20.328
3;fa-76666056;924.7375030517578,37,2019-02-12 10:06:21.328
3;fa-76666056;924.7375030517578,37,2019-02-12 10:06:21.328
3;fa-76666056;924.7375030517578,37,2019-02-12 10:06:22.324
3;fa-76666056;924.7375030517578,37,2019-02-12 10:06:22.33
3;fa-76666056;924.7375030517578,37,2019-02-12 10:06:23.325
3;fa-76666056;924.7375030517578,37,2019-02-12 10:06:23.331
3;fa-76666056;924.7375030517578,37,2019-02-12 10:06:24.326
3;fa-76666056;924.7375030517578,37,2019-02-12 10:06:24.326
3;fa-76666056;924.7375030517578,37,2019-02-12 10:06:25.327
3;fa-76666056;924.7375030517578,37,2019-02-12 10:06:25.327
3;fa-76666056;924.7375030517578,37,2019-02-12 10:06:26.325
3;fa-76666056;924.7375030517578,37,2019-02-12 10:06:26.331
3;fa-76666056;924.7375030517578,37,2019-02-12 10:06:27.326
3;fa-76666056;924.7375030517578,37,2019-02-12 10:06:27.326
3;fa-76666056;924.7375030517578,37,2019-02-12 10:06:28.329
3;fa-76666056;924.7375030517578,37,2019-02-12 10:06:28.329
3;fa-76666056;924.7375030517578,37,2019-02-12 10:06:29.328
3;fa-76666056;924.7375030517578,37,2019-02-12 10:06:29.328
3;fa-76666056;924.7375030517578,37,2019-02-12 10:06:30.323
3;fa-76666056;924.7375030517578,37,2019-02-12 10:06:30.329
3;fa-76666056;924.7375030517578,37,2019-02-12 10:06:31.326
3;fa-76666056;924.7375030517578,37,2019-02-12 10:06:31.326
3;fa-76666056;924.7375030517578,37,2019-02-12 10:06:32.327
3;fa-76666056;924.7375030517578,37,2019-02-12 10:06:32.327
3;fa-76666056;924.7375030517578,37,2019-02-12 10:06:33.328
3;fa-76666056;924.7375030517578,37,2019-02-12 10:06:33.328
3;fa-76666056;924.7375030517578,37,2019-02-12 10:06:34.326
3;fa-76666056;924.7375030517578,37,2019-02-12 10:06:34.326
3;fa-76666056;924.7375030517578,37,2019-02-12 10:06:35.325
3;fa-76666056;924.7375030517578,37,2019-02-12 10:06:35.33
3;fa-76666056;924.7375030517578,37,2019-02-12 10:06:36.326
3;fa-76666056;924.7375030517578,37,2019-02-12 10:06:36.326
3;fa-76666056;924.7375030517578,37,2019-02-12 10:06:37.323
3;fa-76666056;924.7375030517578,37,2019-02-12 10:06:37.329
3;fa-76666056;924.7375030517578,37,2019-02-12 10:06:38.325
3;fa-76666056;924.7375030517578,37,2019-02-12 10:06:38.33
3;fa-76666056;924.7375030517578,37,2019-02-12 10:06:39.323
3;fa-76666056;924.7375030517578,37,2019-02-12 10:06:39.329
3;fa-76666056;924.7375030517578,37,2019-02-12 10:06:40.323
3;fa-76666056;924.7375030517578,37,2019-02-12 10:06:40.329
3;fa-76666056;924.7375030517578,37,2019-02-12 10:06:41.326
3;fa-76666056;924.7375030517578,37,2019-02-12 10:06:41.331
3;fa-76666056;924.7375030517578,37,2019-02-12 10:06:42.325
3;fa-76666056;924.7375030517578,37,2019-02-12 10:06:42.331
3;fa-76666056;924.7375030517578,37,2019-02-12 10:06:43.325
3;fa-76666056;924.7375030517578,37,2019-02-12 10:06:43.331
3;fa-76666056;924.7375030517578,37,2019-02-12 10:06:44.324
3;fa-76666056;924.7375030517578,37,2019-02-12 10:06:44.329
3;fa-76666056;924.7375030517578,37,2019-02-12 10:06:45.328
3;fa-76666056;924.7375030517578,37,2019-02-12 10:06:45.328
3;fa-76666056;924.7375030517578,37,2019-02-12 10:06:46.323
3;fa-76666056;924.7375030517578,37,2019-02-12 10:06:47.324
3;fa-76666056;924.7375030517578,37,2019-02-12 10:06:47.33
3;fa-76666056;924.7375030517578,37,2019-02-12 10:06:48.326
3;fa-76666056;924.7375030517578,37,2019-02-12 10:06:48.326
3;fa-76666056;924.7375030517578,37,2019-02-12 10:06:49.324
3;fa-76666056;924.7375030517578,37,2019-02-12 10:06:49.33
3;fa-76666056;924.7375030517578,37,2019-02-12 10:06:50.327
3;fa-76666056;924.7375030517578,37,2019-02-12 10:06:50.327
3;fa-76666056;924.7375030517578,37,2019-02-12 10:06:50.689
3;fa-76666056;924.7375030517578,37,2019-02-12 10:06:50.727
3;fa-76666056;924.7375030517578,37,2019-02-12 10:06:50.766
3;fa-76666056;924.7375030517578,37,2019-02-12 10:06:50.811
3;fa-76666056;924.7375030517578,37,2019-02-12 10:06:50.846
3;fa-76666056;924.7375030517578,37,2019-02-12 10:06:50.891
3;fa-76666056;924.7375030517578,37,2019-02-12 10:06:50.927
3;fa-76666056;924.7375030517578,37,2019-02-12 10:06:50.97
3;fa-76666056;924.7375030517578,37,2019-02-12 10:06:51.009
3;fa-76666056;924.7375030517578,37,2019-02-12 10:06:51.048
3;fa-76666056;845.2638188412314842105263157894737,48.57894736842105263157894736842105,2019-02-12 10:06:51.093
3;fa-76666056;812.1375030517578,58.15,2019-02-12 10:06:51.128
3;fa-76666056;781.8327411469958952380952380952381,68.19047619047619047619047619047619,2019-02-12 10:06:51.168
3;fa-76666056;753.6920485063032545454545454545455,78.40909090909090909090909090909091,2019-02-12 10:06:51.212
3;fa-76666056;753.6920485063032545454545454545455,78.40909090909090909090909090909091,2019-02-12 10:06:51.25
3;fa-76666056;722.5201117474099743478260869565217,93,2019-02-12 10:06:51.291
3;fa-76666056;657.4175030517578012,125.76,2019-02-12 10:06:51.331
3;fa-76666056;615.3375030517578016,145.56,2019-02-12 10:06:51.37
3;fa-76666056;586.7759645902193403846153846153846,160.4230769230769230769230769230769,2019-02-12 10:06:51.409
3;fa-76666056;586.7759645902193403846153846153846,160.4230769230769230769230769230769,2019-02-12 10:06:51.448
3;fa-76666056;536.9875030517578025,188.6428571428571428571428571428571,2019-02-12 10:06:51.491
3;fa-76666056;515.1512961552060786206896551724138,202.1034482758620689655172413793103,2019-02-12 10:06:51.529
3;fa-76666056;495.0708363850911363333333333333333,214.6,2019-02-12 10:06:51.573
3;fa-76666056;476.8987933743384483870967741935484,225.8387096774193548387096774193548,2019-02-12 10:06:51.607
3;fa-76666056;476.8987933743384483870967741935484,225.8387096774193548387096774193548,2019-02-12 10:06:51.647
3;fa-76666056;447.1617454760002279393939393939394,242.0909090909090909090909090909091,2019-02-12 10:06:51.692
3;fa-76666056;438.2963265811695682941176470588235,246.8235294117647058823529411764706,2019-02-12 10:06:51.73
3;fa-76666056;430.7089316231863749142857142857143,250.9714285714285714285714285714286,2019-02-12 10:06:51.771
3;fa-76666056;423.6263919406466922777777777777778,254.8611111111111111111111111111111,2019-02-12 10:06:51.81
3;fa-76666056;423.6263919406466922777777777777778,254.8611111111111111111111111111111,2019-02-12 10:06:51.85
3;fa-76666056;416.9266922409469924864864864864865,258.5405405405405405405405405405405,2019-02-12 10:06:51.89
3;fa-76666056;404.5580158722706236410256410256410,265.3333333333333333333333333333333,2019-02-12 10:06:51.929
3;fa-76666056;398.83750305175780305,268.475,2019-02-12 10:06:51.968
3;fa-76666056;398.83750305175780305,268.475,2019-02-12 10:06:52.007
3;fa-76666056;393.3960396371236566341463414634146,271.4634146341463414634146341463415,2019-02-12 10:06:52.046
3;fa-76666056;383.2723867726880353953488372093023,277.0232558139534883720930232558140,2019-02-12 10:06:52.09
3;fa-76666056;378.5556848699396209545454545454545,279.6136363636363636363636363636364,2019-02-12 10:06:52.129
3;fa-76666056;374.0486141628689138222222222222222,282.0888888888888888888888888888889,2019-02-12 10:06:52.167
3;fa-76666056;369.7375030517578026521739130434783,284.4347826086956521739130434782609,2019-02-12 10:06:52.21
3;fa-76666056;369.7375030517578026521739130434783,284.4347826086956521739130434782609,2019-02-12 10:06:52.249
3;fa-76666056;362.0291697184244692083333333333333,283.5416666666666666666666666666667,2019-02-12 10:06:52.294
3;fa-76666056;358.9824010109414759591836734693878,281.6122448979591836734693877551020,2019-02-12 10:06:52.328
3;fa-76666056;332.508336385091135875,289.7083333333333333333333333333333,2019-02-12 10:06:52.366
3;fa-76666056;330.2681152966557616734693877551020,287.4489795918367346938775510204082,2019-02-12 10:06:52.411
3;fa-76666056;330.2681152966557616734693877551020,287.4489795918367346938775510204082,2019-02-12 10:06:52.451
3;fa-76666056;328.19750305175780244,285.22,2019-02-12 10:06:52.49
3;fa-76666056;324.9105799748347254230769230769231,280.9807692307692307692307692307692,2019-02-12 10:06:52.529
3;fa-76666056;324.2092011649653494716981132075472,279.3018867924528301886792452830189,2019-02-12 10:06:52.567
3;fa-76666056;324.2092011649653494716981132075472,279.3018867924528301886792452830189,2019-02-12 10:06:52.606
3;fa-76666056;324.5708363850911355925925925925926,278.2222222222222222222222222222222,2019-02-12 10:06:52.65
3;fa-76666056;326.0102303244850749454545454545455,277.8363636363636363636363636363636,2019-02-12 10:06:52.689
3;fa-76666056;329.2989065605297319649122807017544,277.4912280701754385964912280701754,2019-02-12 10:06:52.728
3;fa-76666056;330.8754340862405607241379310344828,277.3448275862068965517241379310345,2019-02-12 10:06:52.767
3;fa-76666056;332.3985200009103444406779661016949,277.2033898305084745762711864406780,2019-02-12 10:06:52.81
3;fa-76666056;332.3985200009103444406779661016949,277.2033898305084745762711864406780,2019-02-12 10:06:52.847
3;fa-76666056;335.2948801009381298688524590163934,276.9508196721311475409836065573770,2019-02-12 10:06:52.89
3;fa-76666056;336.6729869227255439032258064516129,276.8387096774193548387096774193548,2019-02-12 10:06:52.93
3;fa-76666056;338.0073443215990717777777777777778,276.7460317460317460317460317460317,2019-02-12 10:06:52.972
3;fa-76666056;339.30000305175780190625,276.65625,2019-02-12 10:06:53.01
3;fa-76666056;339.30000305175780190625,276.65625,2019-02-12 10:06:53.048
3;fa-76666056;341.7678060820608321515151515151515,276.4848484848484848484848484848485,2019-02-12 10:06:53.092
3;fa-76666056;342.9464582756383988358208955223881,276.4029850746268656716417910447761,2019-02-12 10:06:53.13
3;fa-76666056;344.0904442282283900294117647058824,276.3235294117647058823529411764706,2019-02-12 10:06:53.165
3;fa-76666056;345.2012711676998307536231884057971,276.2463768115942028985507246376812,2019-02-12 10:06:53.208
3;fa-76666056;345.2012711676998307536231884057971,276.2463768115942028985507246376812,2019-02-12 10:06:53.251
3;fa-76666056;346.2803601946149446,276.1714285714285714285714285714286,2019-02-12 10:06:53.29
3;fa-76666056;348.3902808295355794722222222222222,276.0833333333333333333333333333333,2019-02-12 10:06:53.329
3;fa-76666056;333.5684889672507594647887323943662,283.2816901408450704225352112676056,2019-02-12 10:06:53.368
3;fa-76666056;333.5684889672507594647887323943662,283.2816901408450704225352112676056,2019-02-12 10:06:53.406
3;fa-76666056;335.5569474962022461388888888888889,284.1111111111111111111111111111111,2019-02-12 10:06:53.449
3;fa-76666056;340.1293949436496935405405405405405,286.4729729729729729729729729729730,2019-02-12 10:06:53.495
3;fa-76666056;342.5775030517578016266666666666667,287.72,2019-02-12 10:06:53.529
3;fa-76666056;345.1059241043893805526315789473684,288.9605263157894736842105263157895,2019-02-12 10:06:53.568
3;fa-76666056;347.7375030517578015844155844155844,290.1558441558441558441558441558442,2019-02-12 10:06:53.612
3;fa-76666056;347.7375030517578015844155844155844,290.1558441558441558441558441558442,2019-02-12 10:06:53.651
3;fa-76666056;353.5856043175805863544303797468354,292.1518987341772151898734177215190,2019-02-12 10:06:53.69
3;fa-76666056;356.687503051757801525,292.8625,2019-02-12 10:06:53.729
3;fa-76666056;359.7745400887948385432098765432099,293.3086419753086419753086419753086,2019-02-12 10:06:53.767
3;fa-76666056;362.8106737834651185609756097560976,293.4756097560975609756097560975610,2019-02-12 10:06:53.807
3;fa-76666056;362.8106737834651185609756097560976,293.4756097560975609756097560975610,2019-02-12 10:06:53.851
3;fa-76666056;368.4636935279482776428571428571429,292.4404761904761904761904761904762,2019-02-12 10:06:53.891
3;fa-76666056;370.8669148164636837882352941176471,291.2,2019-02-12 10:06:53.925
3;fa-76666056;373.1095960750136153720930232558140,289.8604651162790697674418604651163,2019-02-12 10:06:53.969
3;fa-76666056;375.2432501781945830114942528735632,288.4597701149425287356321839080460,2019-02-12 10:06:54.009
3;fa-76666056;375.2432501781945830114942528735632,288.4597701149425287356321839080460,2019-02-12 10:06:54.051
3;fa-76666056;377.1579575972123468409090909090909,286.8636363636363636363636363636364,2019-02-12 10:06:54.089
3;fa-76666056;380.6041697184244680222222222222222,283.4333333333333333333333333333333,2019-02-12 10:06:54.128
3;fa-76666056;382.1880525023072518901098901098901,281.6373626373626373626373626373626,2019-02-12 10:06:54.17
3;fa-76666056;383.7048943561056274130434782608696,279.8478260869565217391304347826087,2019-02-12 10:06:54.208
3;fa-76666056;383.7048943561056274130434782608696,279.8478260869565217391304347826087,2019-02-12 10:06:54.246
3;fa-76666056;386.6204817751620566170212765957447,276.3404255319148936170212765957447,2019-02-12 10:06:54.29
3;fa-76666056;388.0322398938630644421052631578947,274.6421052631578947368421052631579,2019-02-12 10:06:54.331
3;fa-76666056;378.0247370943109927872340425531915,278,2019-02-12 10:06:54.368
3;fa-76666056;379.5269767359683276,276.2842105263157894736842105263158,2019-02-12 10:06:54.408
3;fa-76666056;379.5269767359683276,276.2842105263157894736842105263158,2019-02-12 10:06:54.446
3;fa-76666056;382.4385339795928528041237113402062,272.9587628865979381443298969072165,2019-02-12 10:06:54.489
3;fa-76666056;383.8497479497169849183673469387755,271.3469387755102040816326530612245,2019-02-12 10:06:54.528
3;fa-76666056;385.2324525467072961818181818181818,269.7676767676767676767676767676768,2019-02-12 10:06:54.566
3;fa-76666056;386.58750305175780122,268.22,2019-02-12 10:06:54.611
3;fa-76666056;386.58750305175780122,268.22,2019-02-12 10:06:54.65
3;fa-76666056;387.9157208735399794257425742574257,266.7029702970297029702970297029703,2019-02-12 10:06:54.688
3;fa-76666056;390.5239108187480924466019417475728,263.8446601941747572815533980582524,2019-02-12 10:06:54.729
3;fa-76666056;391.7951953594501088653846153846154,262.4711538461538461538461538461538,2019-02-12 10:06:54.773
3;fa-76666056;393.0422649565197059238095238095238,261.1238095238095238095238095238095,2019-02-12 10:06:54.806
3;fa-76666056;393.0422649565197059238095238095238,261.1238095238095238095238095238095,2019-02-12 10:06:54.849
3;fa-76666056;395.4664750143746235700934579439252,258.5046728971962616822429906542056,2019-02-12 10:06:54.892
3;fa-76666056;396.6449104591652085370370370370370,257.2314814814814814814814814814815,2019-02-12 10:06:54.93
3;fa-76666056;397.8017232352440396513761467889908,255.9816513761467889908256880733945,2019-02-12 10:06:54.968
3;fa-76666056;397.8017232352440396513761467889908,255.9816513761467889908256880733945,2019-02-12 10:06:55.007
3;fa-76666056;398.9375030517578011090909090909091,254.7545454545454545454545454545455,2019-02-12 10:06:55.047
3;fa-76666056;401.1482173374720868035714285714286,252.3660714285714285714285714285714,2019-02-12 10:06:55.091
3;fa-76666056;402.2242287154746152389380530973451,251.2035398230088495575221238938053,2019-02-12 10:06:55.129
3;fa-76666056;403.2813627008806080877192982456140,250.0614035087719298245614035087719,2019-02-12 10:06:55.172
3;fa-76666056;403.2813627008806080877192982456140,250.0614035087719298245614035087719,2019-02-12 10:06:55.206
3;fa-76666056;404.3201117474099749739130434782609,248.9391304347826086956521739130435,2019-02-12 10:06:55.25
3;fa-76666056;405.3409513276198700172413793103448,247.8362068965517241379310344827586,2019-02-12 10:06:55.289
3;fa-76666056;407.3307233907408518813559322033898,245.6864406779661016949152542372881,2019-02-12 10:06:55.329
3;fa-76666056;399.4725457868005360854700854700855,248.1880341880341880341880341880342,2019-02-12 10:06:55.367
3;fa-76666056;399.4725457868005360854700854700855,248.1880341880341880341880341880342,2019-02-12 10:06:55.406
3;fa-76666056;400.5171640687069535762711864406780,247.1101694915254237288135593220339,2019-02-12 10:06:55.451
3;fa-76666056;401.5442257408334312773109243697479,246.0504201680672268907563025210084,2019-02-12 10:06:55.49
3;fa-76666056;403.5474204071297018347107438016529,243.9834710743801652892561983471074,2019-02-12 10:06:55.529
3;fa-76666056;404.5243882976594403442622950819672,242.9754098360655737704918032786885,2019-02-12 10:06:55.573
3;fa-76666056;404.5243882976594403442622950819672,242.9754098360655737704918032786885,2019-02-12 10:06:55.607
3;fa-76666056;405.4854705314325977398373983739837,241.9837398373983739837398373983740,2019-02-12 10:06:55.651
3;fa-76666056;406.4310514388545751774193548387097,241.0080645161290322580645161290323,2019-02-12 10:06:55.69
3;fa-76666056;404.145503051757800976,240.72,2019-02-12 10:06:55.727
3;fa-76666056;400.929503051757800976,241.392,2019-02-12 10:06:55.767
3;fa-76666056;397.713503051757800976,242.064,2019-02-12 10:06:55.81
3;fa-76666056;397.713503051757800976,242.064,2019-02-12 10:06:55.847
3;fa-76666056;391.281503051757800976,243.408,2019-02-12 10:06:55.892
3;fa-76666056;388.065503051757800976,244.08,2019-02-12 10:06:55.926
3;fa-76666056;384.849503051757800976,244.752,2019-02-12 10:06:55.97
3;fa-76666056;381.633503051757800976,245.424,2019-02-12 10:06:56.009
3;fa-76666056;381.633503051757800976,245.424,2019-02-12 10:06:56.047
3;fa-76666056;387.281503051757800976,245.008,2019-02-12 10:06:56.091
3;fa-76666056;390.001503051757800976,244.056,2019-02-12 10:06:56.125
3;fa-76666056;392.777503051757800976,242.872,2019-02-12 10:06:56.167
3;fa-76666056;395.657503051757800976,241.496,2019-02-12 10:06:56.213
3;fa-76666056;395.657503051757800976,241.496,2019-02-12 10:06:56.245
3;fa-76666056;400.5232173374720866031746031746032,238.2142857142857142857142857142857,2019-02-12 10:06:56.29
3;fa-76666056;409.369503051757800736,233.048,2019-02-12 10:06:56.328
3;fa-76666056;414.569503051757800656,229.76,2019-02-12 10:06:56.367
3;fa-76666056;414.569503051757800656,229.76,2019-02-12 10:06:56.407
3;fa-76666056;419.769503051757800576,226.472,2019-02-12 10:06:56.451
3;fa-76666056;429.1487933743384455806451612903226,220.3145161290322580645161290322581,2019-02-12 10:06:56.489
3;fa-76666056;434.849503051757800336,215.856,2019-02-12 10:06:56.529
3;fa-76666056;439.729503051757800256,212.208,2019-02-12 10:06:56.566
3;fa-76666056;444.457503051757800176,208.672,2019-02-12 10:06:56.611
3;fa-76666056;444.457503051757800176,208.672,2019-02-12 10:06:56.65
3;fa-76666056;452.4794385356287677419354838709677,203.3629032258064516129032258064516,2019-02-12 10:06:56.693
3;fa-76666056;456.0575030517578,200.448,2019-02-12 10:06:56.731
3;fa-76666056;458.8575030517578,198.28,2019-02-12 10:06:56.768
3;fa-76666056;458.8575030517578,198.28,2019-02-12 10:06:56.807
3;fa-76666056;461.6335030517578,196.12,2019-02-12 10:06:56.85
3;fa-76666056;464.4095030517578,193.96,2019-02-12 10:06:56.889
3;fa-76666056;469.9615030517578,189.64,2019-02-12 10:06:56.927
3;fa-76666056;472.7375030517578,187.48,2019-02-12 10:06:56.97
3;fa-76666056;472.7375030517578,187.48,2019-02-12 10:06:57.008
3;fa-76666056;475.5135030517578,185.32,2019-02-12 10:06:57.051
3;fa-76666056;480.7294385356287677419354838709677,181.4838709677419354838709677419355,2019-02-12 10:06:57.089
3;fa-76666056;483.8415030517578,178.84,2019-02-12 10:06:57.128
3;fa-76666056;486.6175030517578,176.68,2019-02-12 10:06:57.167
3;fa-76666056;489.3935030517578,174.528,2019-02-12 10:06:57.211
3;fa-76666056;489.3935030517578,174.528,2019-02-12 10:06:57.251
3;fa-76666056;494.5762127291771548387096774193548,172.6693548387096774193548387096774,2019-02-12 10:06:57.29
3;fa-76666056;497.2815030517578,171.712,2019-02-12 10:06:57.328
3;fa-76666056;499.7055030517578,171.232,2019-02-12 10:06:57.373
3;fa-76666056;502.1055030517578,170.768,2019-02-12 10:06:57.412
3;fa-76666056;502.1055030517578,170.768,2019-02-12 10:06:57.446
3;fa-76666056;504.6184554327101809523809523809524,169.9365079365079365079365079365079,2019-02-12 10:06:57.492
3;fa-76666056;508.9535030517578,169.464,2019-02-12 10:06:57.531
3;fa-76666056;510.8335030517578,168.896,2019-02-12 10:06:57.568
3;fa-76666056;510.8335030517578,168.896,2019-02-12 10:06:57.607
3;fa-76666056;512.2655030517578,168.096,2019-02-12 10:06:57.646
3;fa-76666056;513.2930586073133555555555555555556,166.6428571428571428571428571428571,2019-02-12 10:06:57.69
3;fa-76666056;514.8655030517578,164.656,2019-02-12 10:06:57.729
3;fa-76666056;515.6815030517578,163.472,2019-02-12 10:06:57.768
3;fa-76666056;516.4975030517578,162.288,2019-02-12 10:06:57.807
3;fa-76666056;516.4975030517578,162.288,2019-02-12 10:06:57.851
3;fa-76666056;518.0923417614352193548387096774194,160.2258064516129032258064516129032,2019-02-12 10:06:57.89
3;fa-76666056;518.9455030517578,158.72,2019-02-12 10:06:57.929
3;fa-76666056;519.7615030517578,157.52,2019-02-12 10:06:57.967
3;fa-76666056;520.5775030517578,156.32,2019-02-12 10:06:58.01
3;fa-76666056;520.5775030517578,156.32,2019-02-12 10:06:58.05
3;fa-76666056;522.2052449872416709677419354838710,154.1854838709677419354838709677419,2019-02-12 10:06:58.09
3;fa-76666056;523.0255030517578,152.72,2019-02-12 10:06:58.13
3;fa-76666056;523.8415030517578,151.52,2019-02-12 10:06:58.173
3;fa-76666056;524.6575030517578,150.32,2019-02-12 10:06:58.207
3;fa-76666056;524.6575030517578,150.32,2019-02-12 10:06:58.246
3;fa-76666056;525.4517887660435142857142857142857,148.8968253968253968253968253968254,2019-02-12 10:06:58.29
3;fa-76666056;527.0815030517578,146.688,2019-02-12 10:06:58.329
3;fa-76666056;527.6735030517578,145.184,2019-02-12 10:06:58.368
3;fa-76666056;528.0415030517578,143.408,2019-02-12 10:06:58.408
3;fa-76666056;528.0415030517578,143.408,2019-02-12 10:06:58.448
3;fa-76666056;528.3295030517578,139.4,2019-02-12 10:06:58.493
3;fa-76666056;528.3215030517578,137.328,2019-02-12 10:06:58.527
3;fa-76666056;528.3455030517578,135.328,2019-02-12 10:06:58.567
3;fa-76666056;528.3455030517578,135.328,2019-02-12 10:06:58.607
3;fa-76666056;528.6255030517578,133.664,2019-02-12 10:06:58.65
3;fa-76666056;528.6891159549836064516129032258065,130.5322580645161290322580645161290,2019-02-12 10:06:58.689
3;fa-76666056;530.2335030517578,130.552,2019-02-12 10:06:58.728
3;fa-76666056;530.7375030517578,130.008,2019-02-12 10:06:58.767
3;fa-76666056;531.2655030517578,129.768,2019-02-12 10:06:58.81
3;fa-76666056;531.2655030517578,129.768,2019-02-12 10:06:58.85
3;fa-76666056;531.3584707936932838709677419354839,129.1451612903225806451612903225806,2019-02-12 10:06:58.894
3;fa-76666056;533.5135030517578,131.536,2019-02-12 10:06:58.926
3;fa-76666056;534.5775030517578,132.696,2019-02-12 10:06:58.969
3;fa-76666056;534.5775030517578,132.696,2019-02-12 10:06:59.008
3;fa-76666056;535.7135030517578,133.952,2019-02-12 10:06:59.047
3;fa-76666056;538.2930586073133555555555555555556,136.9126984126984126984126984126984,2019-02-12 10:06:59.091
3;fa-76666056;539.7055030517578,138.512,2019-02-12 10:06:59.131
3;fa-76666056;541.1295030517578,140.176,2019-02-12 10:06:59.169
3;fa-76666056;542.5775030517578,141.864,2019-02-12 10:06:59.208
3;fa-76666056;542.5775030517578,141.864,2019-02-12 10:06:59.247
3;fa-76666056;545.4895030517578,145.272,2019-02-12 10:06:59.292
3;fa-76666056;546.9455030517578,146.976,2019-02-12 10:06:59.329
3;fa-76666056;548.4015030517578,148.68,2019-02-12 10:06:59.367
3;fa-76666056;549.8575030517578,150.384,2019-02-12 10:06:59.411
3;fa-76666056;549.8575030517578,150.384,2019-02-12 10:06:59.452
3;fa-76666056;551.5600836969190903225806451612903,152.3870967741935483870967741935484,2019-02-12 10:06:59.487
3;fa-76666056;554.2255030517578,155.496,2019-02-12 10:06:59.527
3;fa-76666056;555.6815030517578,157.2,2019-02-12 10:06:59.568
3;fa-76666056;557.1375030517578,158.904,2019-02-12 10:06:59.607
3;fa-76666056;557.1375030517578,158.904,2019-02-12 10:06:59.65
3;fa-76666056;558.5935030517578,160.608,2019-02-12 10:06:59.689
3;fa-76666056;561.4815030517578,163.944,2019-02-12 10:06:59.729
3;fa-76666056;562.9215030517578,165.6,2019-02-12 10:06:59.769
3;fa-76666056;564.3615030517578,167.256,2019-02-12 10:06:59.809
3;fa-76666056;564.3615030517578,167.256,2019-02-12 10:06:59.848
3;fa-76666056;566.1487933743384451612903225806452,169.2983870967741935483870967741935,2019-02-12 10:06:59.886
3;fa-76666056;568.6815030517578,172.224,2019-02-12 10:06:59.929
3;fa-76666056;570.1215030517578,173.88,2019-02-12 10:06:59.969
3;fa-76666056;571.5615030517578,175.536,2019-02-12 10:07:00.008
3;fa-76666056;571.5615030517578,175.536,2019-02-12 10:07:00.052
3;fa-76666056;573.4068578904674774193548387096774,177.6451612903225806451612903225806,2019-02-12 10:07:00.091
3;fa-76666056;575.8815030517578,180.504,2019-02-12 10:07:00.13
3;fa-76666056;577.3215030517578,182.16,2019-02-12 10:07:00.168
3;fa-76666056;578.7615030517578,183.816,2019-02-12 10:07:00.211
3;fa-76666056;578.7615030517578,183.816,2019-02-12 10:07:00.246
3;fa-76666056;581.1740109882657365079365079365079,186.6031746031746031746031746031746,2019-02-12 10:07:00.29
3;fa-76666056;583.0815030517578,188.784,2019-02-12 10:07:00.329
3;fa-76666056;584.5215030517578,190.44,2019-02-12 10:07:00.367
3;fa-76666056;585.9615030517578,192.096,2019-02-12 10:07:00.407
3;fa-76666056;585.9615030517578,192.096,2019-02-12 10:07:00.447
3;fa-76666056;588.3168681311228793650793650793651,194.8174603174603174603174603174603,2019-02-12 10:07:00.491
3;fa-76666056;590.2815030517578,197.064,2019-02-12 10:07:00.53
3;fa-76666056;591.7215030517578,198.72,2019-02-12 10:07:00.568
3;fa-76666056;593.1615030517578,200.376,2019-02-12 10:07:00.607
3;fa-76666056;593.1615030517578,200.376,2019-02-12 10:07:00.65
3;fa-76666056;594.6015030517578,202.032,2019-02-12 10:07:00.688
3;fa-76666056;597.4815030517578,205.344,2019-02-12 10:07:00.726
3;fa-76666056;598.9215030517578,207,2019-02-12 10:07:00.772
3;fa-76666056;600.3615030517578,208.656,2019-02-12 10:07:00.806
3;fa-76666056;600.3615030517578,208.656,2019-02-12 10:07:00.846
3;fa-76666056;603.2415030517578,211.968,2019-02-12 10:07:00.89
3;fa-76666056;604.6815030517578,213.624,2019-02-12 10:07:00.929
3;fa-76666056;606.1215030517578,215.28,2019-02-12 10:07:00.968
3;fa-76666056;607.5615030517578,216.936,2019-02-12 10:07:01.006
3;fa-76666056;607.5615030517578,216.936,2019-02-12 10:07:01.051
3;fa-76666056;609.6971804711126387096774193548387,219.3790322580645161290322580645161,2019-02-12 10:07:01.09
3;fa-76666056;611.8815030517578,221.904,2019-02-12 10:07:01.128
3;fa-76666056;613.3215030517578,223.56,2019-02-12 10:07:01.167
3;fa-76666056;613.3215030517578,223.56,2019-02-12 10:07:01.206
3;fa-76666056;614.7615030517578,225.216,2019-02-12 10:07:01.246
3;fa-76666056;617.6415030517578,228.528,2019-02-12 10:07:01.292
3;fa-76666056;619.0815030517578,230.184,2019-02-12 10:07:01.33
3;fa-76666056;620.5215030517578,231.84,2019-02-12 10:07:01.369
3;fa-76666056;621.9615030517578,233.496,2019-02-12 10:07:01.409
3;fa-76666056;621.9615030517578,233.496,2019-02-12 10:07:01.448
3;fa-76666056;624.0311538454085936507936507936508,235.8888888888888888888888888888889,2019-02-12 10:07:01.489
3;fa-76666056;626.2815030517578,238.464,2019-02-12 10:07:01.528
3;fa-76666056;627.7215030517578,240.12,2019-02-12 10:07:01.568
3;fa-76666056;629.1615030517578,241.776,2019-02-12 10:07:01.607
3;fa-76666056;629.1615030517578,241.776,2019-02-12 10:07:01.647
3;fa-76666056;631.1740109882657365079365079365079,244.1031746031746031746031746031746,2019-02-12 10:07:01.692
3;fa-76666056;633.4815030517578,246.744,2019-02-12 10:07:01.726
3;fa-76666056;634.9215030517578,248.4,2019-02-12 10:07:01.768
3;fa-76666056;636.3615030517578,250.056,2019-02-12 10:07:01.811
3;fa-76666056;636.3615030517578,250.056,2019-02-12 10:07:01.85
3;fa-76666056;638.3168681311228793650793650793651,252.3174603174603174603174603174603,2019-02-12 10:07:01.889
3;fa-76666056;640.6815030517578,255.024,2019-02-12 10:07:01.928
3;fa-76666056;642.1215030517578,256.68,2019-02-12 10:07:01.972
3;fa-76666056;643.5615030517578,258.336,2019-02-12 10:07:02.006
3;fa-76666056;643.5615030517578,258.336,2019-02-12 10:07:02.046
3;fa-76666056;645.4597252739800222222222222222222,260.5317460317460317460317460317460,2019-02-12 10:07:02.091
3;fa-76666056;647.8815030517578,263.304,2019-02-12 10:07:02.131
3;fa-76666056;649.3215030517578,264.96,2019-02-12 10:07:02.17
3;fa-76666056;650.7695030517578,266.608,2019-02-12 10:07:02.209
3;fa-76666056;650.7695030517578,266.608,2019-02-12 10:07:02.248
3;fa-76666056;652.7771855914403396825396825396825,268.5952380952380952380952380952381,2019-02-12 10:07:02.292
3;fa-76666056;655.5375030517578,271.16,2019-02-12 10:07:02.33
3;fa-76666056;657.4735030517578,272.28,2019-02-12 10:07:02.369
3;fa-76666056;659.7855030517578,273.032,2019-02-12 10:07:02.406
3;fa-76666056;659.7855030517578,273.032,2019-02-12 10:07:02.45
3;fa-76666056;663.9875030517578,274.6209677419354838709677419354839,2019-02-12 10:07:02.491
3;fa-76666056;669.7375030517578,273.784,2019-02-12 10:07:02.529
3;fa-76666056;673.2415030517578,273.944,2019-02-12 10:07:02.567
3;fa-76666056;676.7455030517578,274.104,2019-02-12 10:07:02.607
3;fa-76666056;676.7455030517578,274.104,2019-02-12 10:07:02.646
3;fa-76666056;683.7535030517578,274.424,2019-02-12 10:07:02.69
3;fa-76666056;687.2575030517578,274.584,2019-02-12 10:07:02.725
3;fa-76666056;690.7615030517578,274.744,2019-02-12 10:07:02.77
3;fa-76666056;694.2655030517578,274.904,2019-02-12 10:07:02.807
3;fa-76666056;694.2655030517578,274.904,2019-02-12 10:07:02.846
3;fa-76666056;699.8565506708054190476190476190476,274,2019-02-12 10:07:02.891
3;fa-76666056;704.7775030517578,275.384,2019-02-12 10:07:02.931
3;fa-76666056;708.2815030517578,275.544,2019-02-12 10:07:02.969
3;fa-76666056;711.7855030517578,275.704,2019-02-12 10:07:03.009
3;fa-76666056;711.7855030517578,275.704,2019-02-12 10:07:03.047
3;fa-76666056;717.2375030517578,274.7936507936507936507936507936508,2019-02-12 10:07:03.09
3;fa-76666056;722.2975030517578,276.184,2019-02-12 10:07:03.129
3;fa-76666056;725.8015030517578,276.344,2019-02-12 10:07:03.167
3;fa-76666056;729.3055030517578,276.504,2019-02-12 10:07:03.211
3;fa-76666056;729.3055030517578,276.504,2019-02-12 10:07:03.249
3;fa-76666056;736.3135030517578,276.824,2019-02-12 10:07:03.287
3;fa-76666056;739.8175030517578,276.984,2019-02-12 10:07:03.331
3;fa-76666056;743.3215030517578,277.144,2019-02-12 10:07:03.37
3;fa-76666056;746.8255030517578,277.304,2019-02-12 10:07:03.409
3;fa-76666056;746.8255030517578,277.304,2019-02-12 10:07:03.448
3;fa-76666056;753.8335030517578,277.624,2019-02-12 10:07:03.492
3;fa-76666056;757.3375030517578,277.784,2019-02-12 10:07:03.531
3;fa-76666056;760.7215030517578,277.856,2019-02-12 10:07:03.57
3;fa-76666056;763.7455030517578,277.6,2019-02-12 10:07:03.609
3;fa-76666056;763.7455030517578,277.6,2019-02-12 10:07:03.648
3;fa-76666056;767.8803601946149428571428571428571,275.9206349206349206349206349206349,2019-02-12 10:07:03.691
3;fa-76666056;771.1215030517578,275.4,2019-02-12 10:07:03.73
3;fa-76666056;773.4495030517578,274.44,2019-02-12 10:07:03.768
3;fa-76666056;773.4495030517578,274.44,2019-02-12 10:07:03.807
3;fa-76666056;775.7375030517578,273.352,2019-02-12 10:07:03.847
3;fa-76666056;779.4279792422339904761904761904762,271.0952380952380952380952380952381,2019-02-12 10:07:03.89
3;fa-76666056;782.3615030517578,269.472,2019-02-12 10:07:03.93
3;fa-76666056;784.4735030517578,268.032,2019-02-12 10:07:03.968
3;fa-76666056;784.4735030517578,268.032,2019-02-12 10:07:04.007
3;fa-76666056;786.5535030517578,266.56,2019-02-12 10:07:04.047
3;fa-76666056;790.6895030517578,263.576,2019-02-12 10:07:04.091
3;fa-76666056;792.7535030517578,262.08,2019-02-12 10:07:04.13
3;fa-76666056;794.8175030517578,260.584,2019-02-12 10:07:04.169
3;fa-76666056;796.8815030517578,259.088,2019-02-12 10:07:04.208
3;fa-76666056;796.8815030517578,259.088,2019-02-12 10:07:04.248
3;fa-76666056;801.0095030517578,256.096,2019-02-12 10:07:04.291
3;fa-76666056;803.0735030517578,254.6,2019-02-12 10:07:04.33
3;fa-76666056;805.1375030517578,253.104,2019-02-12 10:07:04.368
3;fa-76666056;807.2015030517578,251.608,2019-02-12 10:07:04.408
3;fa-76666056;807.2015030517578,251.608,2019-02-12 10:07:04.451
3;fa-76666056;809.2575030517578,250.12,2019-02-12 10:07:04.489
3;fa-76666056;813.3695030517578,247.144,2019-02-12 10:07:04.528
3;fa-76666056;815.4255030517578,245.664,2019-02-12 10:07:04.568
3;fa-76666056;817.4815030517578,244.184,2019-02-12 10:07:04.612
3;fa-76666056;817.4815030517578,244.184,2019-02-12 10:07:04.65
3;fa-76666056;819.5375030517578,242.704,2019-02-12 10:07:04.688
3;fa-76666056;823.6495030517578,239.744,2019-02-12 10:07:04.726
3;fa-76666056;825.7055030517578,238.264,2019-02-12 10:07:04.77
3;fa-76666056;827.7615030517578,236.784,2019-02-12 10:07:04.808
3;fa-76666056;827.7615030517578,236.784,2019-02-12 10:07:04.846
3;fa-76666056;830.8486141628689111111111111111111,234.5714285714285714285714285714286,2019-02-12 10:07:04.89
3;fa-76666056;833.9295030517578,232.344,2019-02-12 10:07:04.929
3;fa-76666056;835.9855030517578,230.864,2019-02-12 10:07:04.968
3;fa-76666056;835.9855030517578,230.864,2019-02-12 10:07:05.007
3;fa-76666056;838.0415030517578,229.384,2019-02-12 10:07:05.046
3;fa-76666056;841.0470268612816095238095238095238,227.2301587301587301587301587301587,2019-02-12 10:07:05.091
3;fa-76666056;844.2095030517578,224.944,2019-02-12 10:07:05.129
3;fa-76666056;846.2655030517578,223.464,2019-02-12 10:07:05.168
3;fa-76666056;846.2655030517578,223.464,2019-02-12 10:07:05.206
3;fa-76666056;848.3215030517578,221.984,2019-02-12 10:07:05.248
3;fa-76666056;852.4335030517578,219.024,2019-02-12 10:07:05.292
3;fa-76666056;854.4895030517578,217.544,2019-02-12 10:07:05.326
3;fa-76666056;856.5455030517578,216.064,2019-02-12 10:07:05.372
3;fa-76666056;858.6015030517578,214.584,2019-02-12 10:07:05.411
3;fa-76666056;858.6015030517578,214.584,2019-02-12 10:07:05.449
3;fa-76666056;862.7135030517578,211.624,2019-02-12 10:07:05.488
3;fa-76666056;864.7695030517578,210.144,2019-02-12 10:07:05.526
3;fa-76666056;866.8255030517578,208.664,2019-02-12 10:07:05.569
3;fa-76666056;868.8815030517578,207.184,2019-02-12 10:07:05.61
3;fa-76666056;868.8815030517578,207.184,2019-02-12 10:07:05.649
3;fa-76666056;871.6422649565197047619047619047619,205.2063492063492063492063492063492,2019-02-12 10:07:05.693
3;fa-76666056;875.0495030517578,202.744,2019-02-12 10:07:05.726
3;fa-76666056;877.1055030517578,201.264,2019-02-12 10:07:05.772
3;fa-76666056;879.1615030517578,199.784,2019-02-12 10:07:05.812
3;fa-76666056;879.1615030517578,199.784,2019-02-12 10:07:05.85
3;fa-76666056;883.2735030517578,196.832,2019-02-12 10:07:05.889
3;fa-76666056;885.3055030517578,195.48,2019-02-12 10:07:05.928
3;fa-76666056;887.3695030517578,195.36,2019-02-12 10:07:05.967
3;fa-76666056;889.4095030517578,195.608,2019-02-12 10:07:06.012
3;fa-76666056;889.4095030517578,195.608,2019-02-12 10:07:06.05
3;fa-76666056;891.8803601946149428571428571428571,197.6666666666666666666666666666667,2019-02-12 10:07:06.089
3;fa-76666056;895.3775030517578,197.136,2019-02-12 10:07:06.129
3;fa-76666056;897.3455030517578,197.648,2019-02-12 10:07:06.168
3;fa-76666056;899.2975030517578,198.144,2019-02-12 10:07:06.207
3;fa-76666056;899.2975030517578,198.144,2019-02-12 10:07:06.25
3;fa-76666056;902.7778256324029612903225806451613,197.4838709677419354838709677419355,2019-02-12 10:07:06.288
3;fa-76666056;904.7135030517578,198.68,2019-02-12 10:07:06.328
3;fa-76666056;906.4095030517578,198.344,2019-02-12 10:07:06.37
3;fa-76666056;908.0815030517578,197.936,2019-02-12 10:07:06.408
3;fa-76666056;908.0815030517578,197.936,2019-02-12 10:07:06.447
3;fa-76666056;911.3615030517578,196.88,2019-02-12 10:07:06.492
3;fa-76666056;912.9855030517578,196.256,2019-02-12 10:07:06.531
3;fa-76666056;914.6015030517578,195.6,2019-02-12 10:07:06.568
3;fa-76666056;916.2175030517578,194.936,2019-02-12 10:07:06.607
3;fa-76666056;916.2175030517578,194.936,2019-02-12 10:07:06.645
3;fa-76666056;919.4495030517578,193.608,2019-02-12 10:07:06.689
3;fa-76666056;921.0655030517578,192.92,2019-02-12 10:07:06.727
3;fa-76666056;922.6655030517578,192.192,2019-02-12 10:07:06.77
3;fa-76666056;924.2575030517578,191.4,2019-02-12 10:07:06.807
3;fa-76666056;924.2575030517578,191.4,2019-02-12 10:07:06.848
3;fa-76666056;927.4415030517578,189.712,2019-02-12 10:07:06.893
3;fa-76666056;929.0335030517578,188.816,2019-02-12 10:07:06.93
3;fa-76666056;930.6255030517578,187.896,2019-02-12 10:07:06.968
3;fa-76666056;932.2175030517578,186.968,2019-02-12 10:07:07.012
3;fa-76666056;932.2175030517578,186.968,2019-02-12 10:07:07.05
3;fa-76666056;935.6729869227255419354838709677419,184.8870967741935483870967741935484,2019-02-12 10:07:07.089
3;fa-76666056;936.9935030517578,184.16,2019-02-12 10:07:07.128
3;fa-76666056;938.5855030517578,183.224,2019-02-12 10:07:07.167
3;fa-76666056;940.1695030517578,182.296,2019-02-12 10:07:07.207
3;fa-76666056;940.1695030517578,182.296,2019-02-12 10:07:07.247
3;fa-76666056;943.1855030517578,180.568,2019-02-12 10:07:07.288
3;fa-76666056;944.4975030517578,179.904,2019-02-12 10:07:07.331
3;fa-76666056;945.5935030517578,179.504,2019-02-12 10:07:07.368
3;fa-76666056;946.3135030517578,179.472,2019-02-12 10:07:07.408
3;fa-76666056;946.3135030517578,179.472,2019-02-12 10:07:07.447
3;fa-76666056;945.9200427342974825396825396825397,180.0793650793650793650793650793651,2019-02-12 10:07:07.491
3;fa-76666056;945.4575030517578,180.88,2019-02-12 10:07:07.53
3;fa-76666056;944.9855030517578,181.44,2019-02-12 10:07:07.569
3;fa-76666056;944.5135030517578,182,2019-02-12 10:07:07.608
3;fa-76666056;944.5135030517578,182,2019-02-12 10:07:07.647
3;fa-76666056;943.5695030517578,183.12,2019-02-12 10:07:07.69
3;fa-76666056;943.0975030517578,183.68,2019-02-12 10:07:07.728
3;fa-76666056;942.6255030517578,184.24,2019-02-12 10:07:07.767
3;fa-76666056;942.1535030517578,184.8,2019-02-12 10:07:07.806
3;fa-76666056;942.1535030517578,184.8,2019-02-12 10:07:07.847
3;fa-76666056;941.2095030517578,185.92,2019-02-12 10:07:07.891
3;fa-76666056;940.7375030517578,186.48,2019-02-12 10:07:07.93
3;fa-76666056;940.2655030517578,187.04,2019-02-12 10:07:07.967
3;fa-76666056;939.7935030517578,187.6,2019-02-12 10:07:08.015
3;fa-76666056;939.7935030517578,187.6,2019-02-12 10:07:08.047
3;fa-76666056;938.8495030517578,188.72,2019-02-12 10:07:08.092
3;fa-76666056;938.3775030517578,189.28,2019-02-12 10:07:08.129
3;fa-76666056;937.9055030517578,189.84,2019-02-12 10:07:08.169
3;fa-76666056;937.4335030517578,190.4,2019-02-12 10:07:08.208
3;fa-76666056;937.4335030517578,190.4,2019-02-12 10:07:08.247
3;fa-76666056;936.4895030517578,191.52,2019-02-12 10:07:08.291
3;fa-76666056;936.0175030517578,192.08,2019-02-12 10:07:08.325
3;fa-76666056;935.5455030517578,192.64,2019-02-12 10:07:08.369
3;fa-76666056;935.5455030517578,192.64,2019-02-12 10:07:08.407
3;fa-76666056;935.0735030517578,193.2,2019-02-12 10:07:08.446
3;fa-76666056;934.1295030517578,194.32,2019-02-12 10:07:08.49
3;fa-76666056;933.6575030517578,194.88,2019-02-12 10:07:08.527
3;fa-76666056;933.1855030517578,195.44,2019-02-12 10:07:08.567
3;fa-76666056;933.1855030517578,195.44,2019-02-12 10:07:08.606
3;fa-76666056;932.7135030517578,196,2019-02-12 10:07:08.646
3;fa-76666056;931.7695030517578,197.12,2019-02-12 10:07:08.688
3;fa-76666056;931.2975030517578,197.68,2019-02-12 10:07:08.728
3;fa-76666056;930.8255030517578,198.24,2019-02-12 10:07:08.766
3;fa-76666056;930.3535030517578,198.8,2019-02-12 10:07:08.81
3;fa-76666056;930.3535030517578,198.8,2019-02-12 10:07:08.848
3;fa-76666056;929.4095030517578,199.92,2019-02-12 10:07:08.886
3;fa-76666056;928.9375030517578,200.48,2019-02-12 10:07:08.948
3;fa-76666056;928.4655030517578,201.04,2019-02-12 10:07:08.969
3;fa-76666056;928.4655030517578,201.04,2019-02-12 10:07:09.007
3;fa-76666056;927.9935030517578,201.6,2019-02-12 10:07:09.046
3;fa-76666056;927.0495030517578,202.72,2019-02-12 10:07:09.091
3;fa-76666056;926.5775030517578,203.28,2019-02-12 10:07:09.129
3;fa-76666056;926.1055030517578,203.84,2019-02-12 10:07:09.169
3;fa-76666056;925.6335030517578,204.4,2019-02-12 10:07:09.207
3;fa-76666056;925.6335030517578,204.4,2019-02-12 10:07:09.245
3;fa-76666056;924.6895030517578,205.52,2019-02-12 10:07:09.287
3;fa-76666056;924.2175030517578,206.08,2019-02-12 10:07:09.328
3;fa-76666056;923.7455030517578,206.64,2019-02-12 10:07:09.369
3;fa-76666056;923.7455030517578,206.64,2019-02-12 10:07:09.408
3;fa-76666056;923.2735030517578,207.2,2019-02-12 10:07:09.447
3;fa-76666056;922.6422649565197047619047619047619,207.7777777777777777777777777777778,2019-02-12 10:07:09.491
3;fa-76666056;921.8815030517578,208.856,2019-02-12 10:07:09.529
3;fa-76666056;921.4175030517578,209.4,2019-02-12 10:07:09.568
3;fa-76666056;921.4175030517578,209.4,2019-02-12 10:07:09.607
3;fa-76666056;920.9535030517578,209.944,2019-02-12 10:07:09.645
3;fa-76666056;920.3406776549324031746031746031746,210.4920634920634920634920634920635,2019-02-12 10:07:09.69
3;fa-76666056;919.5615030517578,211.576,2019-02-12 10:07:09.729
3;fa-76666056;919.0975030517578,212.12,2019-02-12 10:07:09.768
3;fa-76666056;918.6335030517578,212.664,2019-02-12 10:07:09.807
3;fa-76666056;918.6335030517578,212.664,2019-02-12 10:07:09.847
3;fa-76666056;917.7055030517578,213.752,2019-02-12 10:07:09.885
3;fa-76666056;917.2415030517578,214.296,2019-02-12 10:07:09.931
3;fa-76666056;916.7775030517578,214.84,2019-02-12 10:07:09.97
3;fa-76666056;916.3135030517578,215.384,2019-02-12 10:07:10.01
3;fa-76666056;916.3135030517578,215.384,2019-02-12 10:07:10.048
3;fa-76666056;915.3855030517578,216.472,2019-02-12 10:07:10.086
3;fa-76666056;914.9215030517578,217.016,2019-02-12 10:07:10.13
3;fa-76666056;914.4575030517578,217.56,2019-02-12 10:07:10.169
3;fa-76666056;913.9935030517578,218.104,2019-02-12 10:07:10.208
3;fa-76666056;913.9935030517578,218.104,2019-02-12 10:07:10.245
3;fa-76666056;913.0655030517578,219.192,2019-02-12 10:07:10.29
3;fa-76666056;912.6015030517578,219.736,2019-02-12 10:07:10.328
3;fa-76666056;912.1375030517578,220.28,2019-02-12 10:07:10.368
3;fa-76666056;912.1375030517578,220.28,2019-02-12 10:07:10.407
3;fa-76666056;911.6735030517578,220.824,2019-02-12 10:07:10.446
3;fa-76666056;910.7455030517578,221.912,2019-02-12 10:07:10.491
3;fa-76666056;910.2815030517578,222.456,2019-02-12 10:07:10.529
3;fa-76666056;909.8175030517578,223,2019-02-12 10:07:10.567
3;fa-76666056;909.3535030517578,223.544,2019-02-12 10:07:10.61
3;fa-76666056;909.3535030517578,223.544,2019-02-12 10:07:10.649
3;fa-76666056;908.4255030517578,224.632,2019-02-12 10:07:10.69
3;fa-76666056;907.9615030517578,225.176,2019-02-12 10:07:10.729
3;fa-76666056;907.4975030517578,225.72,2019-02-12 10:07:10.767
3;fa-76666056;907.0335030517578,226.264,2019-02-12 10:07:10.811
3;fa-76666056;907.0335030517578,226.264,2019-02-12 10:07:10.849
3;fa-76666056;906.1055030517578,227.344,2019-02-12 10:07:10.892
3;fa-76666056;905.6655030517578,227.76,2019-02-12 10:07:10.931
3;fa-76666056;905.1935030517578,226.944,2019-02-12 10:07:10.965
3;fa-76666056;904.7455030517578,225.76,2019-02-12 10:07:11.009
3;fa-76666056;904.7455030517578,225.76,2019-02-12 10:07:11.048
3;fa-76666056;903.9455030517578,222.872,2019-02-12 10:07:11.092
3;fa-76666056;903.5535030517578,221.424,2019-02-12 10:07:11.127
3;fa-76666056;903.1775030517578,219.976,2019-02-12 10:07:11.171
3;fa-76666056;902.8175030517578,218.544,2019-02-12 10:07:11.206
3;fa-76666056;902.8175030517578,218.544,2019-02-12 10:07:11.246
3;fa-76666056;902.5232173374720857142857142857143,217.1746031746031746031746031746032,2019-02-12 10:07:11.289
3;fa-76666056;902.1775030517578,215.2,2019-02-12 10:07:11.328
3;fa-76666056;902.0735030517578,214.6,2019-02-12 10:07:11.367
3;fa-76666056;901.9935030517578,214.072,2019-02-12 10:07:11.407
3;fa-76666056;901.9935030517578,214.072,2019-02-12 10:07:11.447
3;fa-76666056;901.8975030517578,213.256,2019-02-12 10:07:11.491
3;fa-76666056;901.8655030517578,212.944,2019-02-12 10:07:11.531
3;fa-76666056;901.8415030517578,212.664,2019-02-12 10:07:11.57
3;fa-76666056;901.8175030517578,212.392,2019-02-12 10:07:11.609
3;fa-76666056;901.8175030517578,212.392,2019-02-12 10:07:11.647
3;fa-76666056;901.7695030517578,211.848,2019-02-12 10:07:11.691
3;fa-76666056;901.7455030517578,211.6,2019-02-12 10:07:11.729
3;fa-76666056;901.7375030517578,211.392,2019-02-12 10:07:11.767
3;fa-76666056;901.7375030517578,211.392,2019-02-12 10:07:11.807
3;fa-76666056;901.7375030517578,211.248,2019-02-12 10:07:11.846
3;fa-76666056;901.7375030517578,211.064,2019-02-12 10:07:11.891
3;fa-76666056;901.7375030517578,211.024,2019-02-12 10:07:11.931
3;fa-76666056;901.7375030517578,211.008,2019-02-12 10:07:11.968
3;fa-76666056;901.7375030517578,211,2019-02-12 10:07:12.007
3;fa-76666056;901.7375030517578,211,2019-02-12 10:07:12.046
3;fa-76666056;901.7375030517578,211,2019-02-12 10:07:12.093
3;fa-76666056;901.7375030517578,211,2019-02-12 10:07:12.127
3;fa-76666056;901.7375030517578,211,2019-02-12 10:07:12.166
3;fa-76666056;901.7375030517578,211,2019-02-12 10:07:12.207
3;fa-76666056;901.7375030517578,211,2019-02-12 10:07:12.247
3;fa-76666056;901.7375030517578,211,2019-02-12 10:07:12.291
3;fa-76666056;901.7375030517578,211,2019-02-12 10:07:12.33
3;fa-76666056;901.7375030517578,211,2019-02-12 10:07:12.37
3;fa-76666056;901.7375030517578,211,2019-02-12 10:07:12.408
3;fa-76666056;901.7375030517578,211,2019-02-12 10:07:12.451
3;fa-76666056;901.7375030517578,211,2019-02-12 10:07:12.49
3;fa-76666056;901.7375030517578,211,2019-02-12 10:07:12.529
3;fa-76666056;901.7375030517578,211,2019-02-12 10:07:12.568
3;fa-76666056;901.7375030517578,211,2019-02-12 10:07:12.607
3;fa-76666056;901.7375030517578,211,2019-02-12 10:07:12.65
3;fa-76666056;901.7375030517578,211,2019-02-12 10:07:12.69
3;fa-76666056;901.7375030517578,211,2019-02-12 10:07:12.729
3;fa-76666056;901.7375030517578,211,2019-02-12 10:07:12.769
3;fa-76666056;901.7375030517578,211,2019-02-12 10:07:12.807
3;fa-76666056;901.7375030517578,211,2019-02-12 10:07:12.851
3;fa-76666056;901.7375030517578,211,2019-02-12 10:07:12.89
3;fa-76666056;901.7375030517578,211,2019-02-12 10:07:12.929
3;fa-76666056;901.7375030517578,211,2019-02-12 10:07:12.968
3;fa-76666056;901.7375030517578,211,2019-02-12 10:07:13.007
3;fa-76666056;901.7375030517578,211,2019-02-12 10:07:13.046
3;fa-76666056;901.7375030517578,211,2019-02-12 10:07:13.09
3;fa-76666056;901.7375030517578,211,2019-02-12 10:07:13.127
3;fa-76666056;901.7375030517578,211,2019-02-12 10:07:13.17
3;fa-76666056;901.7375030517578,211,2019-02-12 10:07:13.208
3;fa-76666056;901.7375030517578,211,2019-02-12 10:07:13.246
3;fa-76666056;901.7375030517578,211,2019-02-12 10:07:13.29
3;fa-76666056;901.7375030517578,211,2019-02-12 10:07:13.33
3;fa-76666056;901.7375030517578,211,2019-02-12 10:07:13.368
3;fa-76666056;901.7375030517578,211,2019-02-12 10:07:13.408
3;fa-76666056;901.7375030517578,211,2019-02-12 10:07:13.447
3;fa-76666056;901.7375030517578,211,2019-02-12 10:07:13.491
3;fa-76666056;901.7375030517578,211,2019-02-12 10:07:13.531
3;fa-76666056;901.7375030517578,211,2019-02-12 10:07:13.57
